name,sequence,label,sequence_type,dataset
QR102,ATGATGGGACTTTTAAAGAGGCTTTTGAGAGTTGTAAGGGCGGAAGCCCATTCGGTTGTAGAAAAGCTTGAGGACCCTATAAAAATAACCGAAGAGGGATTGAGGGAACTCAGGAAGCAGTTAAAAGAGGCTATGGAAGCCTTGGCACAGGTAAAGGCAAGCCAGATAAGGTTTGAGAGGGAAGCCAGAAACGAAAAGGAAAGGGCCAAGGCACTCGTGAAGAAAGCCGAAAGCCTTTTACTCCAAGCACAGGAAGGAAAGATATCACCCGAAGAGGCAGAAAAACTCGCCGCGGAACTCATCCAGAAGGCTGAACTCCACGAAAAAAACGCAAGAAGACTGGAAGAAGAGGCAAAGAGACAGAGGGAAATGGCGGTTAAACTTCAGGCAAAGATTGACGAGCTCAAGGTCCAGATCGCAAAGTACGAGGCCGAACTAAAAACACTAAAGGCGAGACTCGCTACCGCAAGAGCGGTAAAAAAGGTAAACAAGCAAATTGCGAAAGTTGACCCTTCCGATACGATAGCCATGCTCGAGAGAATGAAGGAAAAGGTAGAAGAAGAAGAGACGCTTGCACAGGCTTACGAGGAACTTGCAAAACAGGAAGTAGCACTGGACGTGGAAAGCGAAGCGGAAAAGAAGTTAAAGGAAGTGGAGAGTAAACAGAAGTTAGAAGAATTGAAGAAGAGACTCGGTCTTTCCCTCGAGCACCACCACCACCACCACTGA,0,dna,mpepe
MsR11,ATGATCACCATCACGGTCAACGGGGAGAGCGTCGAGGTGGACGACACCATCACCATCGAACGCCTGCTCGAGACACGCGGTTTTCCCGAGAAGGGCATCGCTGTAGCGCTGGACTGGTCGGTGCTGCACCGCTCGGAGTGGGATCAGACCCTATCCGACGGGGCACGCATCGAGGTCGTGACGGCGGTGCAAGGTGGCCTCGAGCACCACCACCACCACCACTGA,1,dna,mpepe
LgR143F,ATGTGCAAACAGCATGGAGTGAAAGCTTTTTCCTCAAATTATACGCTGTATGGCAACATGAGTCATCGTGTGATGTGCACTATTGAAGAAGCCTGGCCCCATATAGAAGTTTACTCGATTGATGAAGCGTTTCTTGATTTAAGGAGTTTACCGGTTGATAGCTATGATTCGTTTTGCGAGCAGTTACAAAAGAAAATCTTGAAGCACACAGGAATACCCACTTCCATCGGTATTGGACCTACTAAAACACTAGCTAAAGCCGCCAATCATTTATGCAAAAAAGTTTATAAAATTCCTCTCGAGCACCACCACCACCACCACTGA,0,dna,mpepe
LmR168D,ATGCAAGATTGGTGGGAAGCGGATAATCGTCTTGCTGATTGGCTTTCGATGATATTAATCCAGCGTACGATAGAGAAAAATGCCAAACAAGCATTAGCGAACCTTGGACCGCATTTAGATTTAGAAAGTTTAATTGGAATGGATATGGCGACATTAGAAGAATACATCTATCCGGCTGGCTTTTATAAACAAAAAAGTATCTATATTAAAGCTCTTATCAAGTGGTTCCATGGCCACGGAGCTAGTTTAGATAAGTTCCAGACTTATTCAACAGAAGATTTACGAAAAGAGTTATTAGGCATAAAAGGTGTCGGGGAAGAAACGGCGGATGCGATGTTGCTGTATATTTTTGAGCGGAATGTGTTTATTGCTGATCTCGAGCACCACCACCACCACCACTGA,1,dna,mpepe
MeR106,ATGGCCCACGGCCCGACCCCGCAGAAGGTCTCCCAGTCGATCACGATCAAGGCGAGCCCGGACGCGGTGTGGAAGGTGGCGGGCGACTTCGCCGGCATCGGAAAGTGGCACCCGGCGATCGGGAAGGCCGAGGGCAGCGGCTCGAAGGATGGCGGAACCCGCACGCTGACCTTCAAGAACGGCGGAAAACTCGAAGAGAGCCTCGACGAGTACAAGCCGGAGGGTCGCACCTATTCCTACCGGATGGGCGAGCCGAACCTGACGGCGCTGCCGGTCTCGTCCTACTCGGCGACCTTCACCGTGAGCCCGGAGGGCGACGGCTCCAAGGTCGAGTGGATGGGCCGCTTCTATCGCGGCGATACCGGCAACGAGCCGCCGGAGAACCTCAGCGACGAGGCCGGCAAGGCGGCGATGAACACGTATTTCTCGGAAGGGCTGAAGGGCCTGAAGGCGGTCGTGGAGGGCGGCAAGGGCAAACTCGAGCACCACCACCACCACCACTGA,0,dna,mpepe
LpR118,ATGCAAGAACGCATTTTATTCGGAACATATACGAAAAAAACAAGCCAAGGGATTTACCAAGGAACCCTTGACACCACTGCCAAAACCTTAACCAACGATGGCTTACTGGCAGCCACTCAAAATCCCACCTATTTGGCCCTCTCAGCTAAGGATTGCCTATACAGTGTCGATAAGGAAGATGACGAGGGCGGTATCGCTGCTTGGCAAATCGACGGGCAAACTGCTCACAAACTAAACACCGTTGTCGCACCTGGCACCCCACCAGCTTACGTTGCTGTCGATGAGGCCCGGCAACTCGTCTACAGTGCCAACTATCATAAGGGAACGGCCGAAGTCATGAAAATTGCTGCTGATGGCGCGCTGACTTTGACCGATACTGTTCAACATAGTGGTCATGGCCCTCGTCCTGAACAAGACGGCTCCCATATTCATTACACCGACCTCACGCCAGATAATCGCTTAGCCGTAATCGATTTAGGTAGCGATAAGGTCTATGTCTATAACGTCAGCGACGCCGGTCAGTTAAGTGAACAATCCGTGCTCACTATGGAAGCTGGTTTTGGACCACGTCACCTCGTGTTCAGTCCAGACGGCCAATACGCCTTCTTAGCTGGTGAATTATCGAGTCAGATTGCGAGCTTAAAATATGACGCCCAAACTGGTGCCTTTACGCAGCTTGGCATTGTGAAGACCATTCCTGCCGACTACACGGCGCACAACGGTGCCGCAGCCATCCGCTTAAGTCACGACGGTCATTTTCTCTACGTCTCCAATCGTGGCTACAATACGTTAGCTGTCTTTGCAGTAACCGCCGACGGTCATTTGACCCTGATTCAGCAAATCAGTACGGAAGGTGACTTCCCCCGTGATTTTGATTTAGATCCAACTGAAGCCTTTGTCGTGGTCGTTAATCAAAACACTGATAATGCCACTTTGTATGCACGCGACTTAACGAGTGGTAAACTAAGTCTATTACAAAAGGACGTTACTGTGCCTGAAGGCGTTTGCGTCCGTTTCCTCGAGCACCACCACCACCACCACTGA,1,dna,mpepe
SgR62,ATGACGGACGCTCGACCACGGATTTGTATTTTAGGGGGAGGATTTGGCGGACTTTACACCGCTCTACGCCTCGGTCAACTATCCTGGGAGGGCCATACCCCACCGGAAATTGTCCTCGTCGACCAACGGGATCGGTTTTTATTTGCCCCTTTCCTCTACGAACTGGTAACAGAGGAAATGCAAACTTGGGAAATTGCCCCTCCTTTTGTAGAACTTTTAGCGGAATCGGGGGTAATTTTTCGTCAGGCGGAAGTGACCGCCATTGATTTTGACCACCAAAAAGTGTTGTTAAATGACCAGGACAAGGGCACCGAAAGTTTAGCGTTTGATCAGTTAGTCATTGCCCTGGGGGGCCAAACTCCCCTGCCAAATCTGCCGGGGCTAAAGGATTATGGTTTGGGATTCCGCACCCTGGAAGATGCCTATAAACTCAAGCAAAAATTAAAATCACTGGAACAAGCCGACGCAGAGAAAATTCGTATTGCTATTGTTGGTGGGGGCTACAGCGGGGTGGAATTAGCGGCCAAACTCGGCGATCGCCTAGGGGAACGGGGCCGCATCCGCATTATTGAGCGGGGCAAAGAAATTTTAGCCATGTCCCCGGAGTTCAATCGTCAACAGGCCCAGGCCAGTCTTTCCGCCAAGGGAATTTGGGTGGATACGGAAACCACCGTTACCGCCATCACCGCCACCGATGTCACCCTCCAGTTCCGAGAGCAGGAAGATGTAATTCCAGTGGACTTGGTGCTTTGGACTGTGGGCACCACCGTTTCTCCTTTGATTCGTAATTTAGCCCTGCCCCATAACGACCAAGGCCAGCTTAGAACCAATGCCCAACTACAGGTGGAAGGAAAAACTAACATTTTTGCCTTGGGGGACGGAGCCGAAGGTCGGGATGCTAGTGGACAATTAATTCCCACCACGGCCCAAGGAGCCTTCCAACAGACGGACTATTGTGCCTGGAACATTTGGGCTAACTTAACCGGCCGTCCCCTGCTGCCCTGTCGTTATCAACCCCTAGGGGAAATGTTGGCCCTGGGCACCGATGGCGCTGTGCTGAGTGGTTTGGGCATTAAATTAAGTGGCCCCGCCGCCTTGTTGGCTCGTCGTTTGGTCTATCTCTACCGTTTTCCCACTTGGCAACATCAACTGACTGTGGGCTTGAATTGGCTGACCCGCCCCCTGGGGGATTGGCTCAAAAATGAACCTTCCCTCGAGCACCACCACCACCACCACTGA,0,dna,mpepe
CvR64,ATGAGCGACACCCAAAACTGGGAACGACAACTGCTGGAAAAGCTCGCCTCCGCCTCCCTGGTGGAACAGCGCCGCAGCCGGCAATGGAAAATCTTCTTCCGGCTGGCCTGGCTGCTGGTCATAGGCTTGATCGCCGCCAGCGTCTTCATGCGCGGCGAGGAAAAAAGCGGCGCCAGCCTGACCGGCGGCGGCCATACCGCGGTGATCGAGCTGGACGGCGCCATCAGCAGCGAAAACGAAACCGGCAAGAAAATGATCTCGGCGCTGGACCACGCCTTCCGCGACAAGGGCACCAAGGGCGTGATCATCGACGCCAACAGCCCCGGCGGCAGCCCGGTGCTGTCCGGCATGGTCTACGATGAAATCCGGCGCCTGAAGAAGCTGCATGCCGACATTCCCGTCTACGTGGTGGTCAGCGAAGTCTGCGCGTCCGGCTGCTATTACATCGCCGCCGCCGCCGACAAGATTTTCGTCGACAAGGCCAGCATCGTCGGCTCCATCGGCGTGCTGTCGGACGGTTTCGGCTTCACCGGCGCGATGGAAAAACTGGGCATAGACCGCCGCTTGAAGACCGCCGGCGAGAACAAGGCGATGGGCGACCCGTTCTCCCCGCCCAATCCCAAACACGACGCCATCCGCCAGCAATTGCTGGACGACATCCACCATCAGTTCATCCAGGCGGTGGAGACCGGCCGCGGCCAGCGGCTGAAGAAGGACGCCCAGACATTCAGCGGCATGGTCTGGCTGGGCGAAAAAGCGATTCCGCTGGGACTGGCCGACGGCTACGGCACCGTCGCCTCGGTGGCCCGCGACGTGGTCAAGGCCCAGAAGACCGTGGACTTCACCCAGCAGGACGACTTCTCCAGCCGAGTGGCTCGCCGCATCGGCGTGGAGTTCGCCGGCGGCGTGAAGTCGCTGTTCGACGCCAAACTGTTCCTCGAGCACCACCACCACCACCACTGA,0,dna,mpepe
IR179,ATGAAATGCAAGGTTTATACCGTCGTTGTTCCTAATGTGCAATCAGCAACATTATTGCCAATTATCCGAGAGAAAGTTAAGCCTGATAGCATTGTGTACACGGATACCTTTCGTAGTTATGATGTGCTTGATGTCAGTGAATTTAGCCATTTTCGCATCAATCACAGCACGCATTTTGCTGAAAATCACAACTACATAAACGGAATTGGGAATTTTTGGAATCACGCAAAACGCCATTTACAGAAGTTTAATGGCATTCCCAAAGAGCATTTTGAGCTGTATTTAAAAGAATGTGAATGGCGTTTTAACAATAGCGAAATAAAATCTCAAATTTCCATTTTAAAACAATTAGTTAAGGGGAGTTTGGTCCTCGAGCACCACCACCACCACCACTGA,1,dna,mpepe
BtR143,ATGGCGGGGGATCCGATGAAGTACATTACAAAAGAAGTTCGAATAGGAATTGCAGGTATCGTAGCATTATGCGTGCTTGTCTATGGAATTAATTGGCTGAAAGGCATACATATGTTTCAGCCTTCAAGCTATTTCTATGCCAAGTTTCAGAATGTAAACGGACTGACCAAGTCGAGCCCTGTTTTTGCTGATGGCGTTCGTGTAGGTATTGTACGCGACATCGAATATGACTATGTAAATCCCGGAAATGTGATCGTTGAAGTCGAACTGGACACCGAACTCCGCATCCCGAAAGGAAGTAGCGCAGAACTTGTATCCGAACTGATGGGAGGCGTACGCATGAATATTCTTCTCGCCAACAACCCGCGTGAGAAATATGCCATAGGCGACACCATCCCCGGCACATTGAACAACGGAATGATGGAAAGCGTAGCGAAACTCATGCCCCAAATTGAGAGTATGTTACCGAAACTGGATTCCATCCTCACCTCACTGAACAACATCGTAGGTGACAAGAGCATCCCTTCTACGCTGCACTCTATCGAAACGACTACCGCCAATCTTGCTGTAGTCAGCTCTCAGATGAAAGGACTCATGAGCAAGGACATCCCCCAGCTGACCGGCAAGCTCAATACCATCGGAGATAATTTTGTAGCTATCAGCGGTAACTTGAAGGAAGTGGACTACAGCGCCATTTTCCAAAAAGTTGACGCAACACTCGCTAACGTAAAAATGATTACAGAGAAGTTGAACAGCAAAGATAACACTATCGGACTGCTCTTCAACGACCCTGCTTTATATAACAATCTGAACGCTACCACAGAGAATGCGGCGAGCTTACTGGAAGACCTGAAAGCACACCCCAAACGGTACGTTCATTTCTCTTTATTCGGGAAGAAAGACAAGCTCGAGCACCACCACCACCACCACTGA,1,dna,mpepe
